{
    "model_eval": 0.010103629902005196,
    "mae": 0.0906362723819013,
    "mse": 0.010103630595774451,
    "rmse": 0.1005168174773478,
    "mae_inverse": 327079.13424902724,
    "mse_inverse": 131576723245.94258,
    "rmse_inverse": 362735.05930078303
}