{
    "model_eval": 0.0041980622336268425,
    "mae": 0.04791136245957534,
    "mse": 0.004198062680792538,
    "rmse": 0.06479245851789031,
    "mae_inverse": 172897.7432840467,
    "mse_inverse": 54670182818.50012,
    "rmse_inverse": 233816.55805032313
}