{
    "model_eval": 0.01206387672573328,
    "mae": 0.09504937002528936,
    "mse": 0.012063879169144321,
    "rmse": 0.10983569169056259,
    "mae_inverse": 343004.6806848249,
    "mse_inverse": 157104485983.09952,
    "rmse_inverse": 396364.08260978886
}