{
    "model_eval": 0.006761501077562571,
    "mae": 0.07055101005396149,
    "mse": 0.006761502039695581,
    "rmse": 0.0822283530158277
}