{
    "model_eval": 0.0028615803457796574,
    "mae": 0.04228499434738706,
    "mse": 0.002861580491527015,
    "rmse": 0.05349374254552597
}