{
    "model_eval": 0.010696192272007465,
    "mae": 0.0953760505771164,
    "mse": 0.010696191751652224,
    "rmse": 0.10342239482651823
}