{
    "model_eval": 0.0019721013959497213,
    "mae": 0.03640695870247486,
    "mse": 0.0019721016825923567,
    "rmse": 0.0444083514960008
}