{
    "model_eval": 0.012659762054681778,
    "mae": 0.0999374327657324,
    "mse": 0.012659760897626127,
    "rmse": 0.11251560290744625,
    "mae_inverse": 360644.2337198444,
    "mse_inverse": 164864485201.4745,
    "rmse_inverse": 406035.0787819625
}