{
    "model_eval": 0.0033503372687846422,
    "mae": 0.04751595815418332,
    "mse": 0.003350337702002278,
    "rmse": 0.0578821017414043,
    "mae_inverse": 171470.84754085605,
    "mse_inverse": 43630500126.332214,
    "rmse_inverse": 208879.1519667107
}