{
    "model_eval": 0.005442278925329447,
    "mae": 0.0627349735693638,
    "mse": 0.005442278130666082,
    "rmse": 0.07377179766459593,
    "mae_inverse": 226391.71158754863,
    "mse_inverse": 70873248633.0232,
    "rmse_inverse": 266220.30094082456
}