{
    "model_eval": 0.008429838344454765,
    "mae": 0.07925945611877269,
    "mse": 0.008429837819032544,
    "rmse": 0.09181414825086896,
    "mae_inverse": 286023.6150972762,
    "mse_inverse": 109779393423.77089,
    "rmse_inverse": 331329.73519406747
}