{
    "model_eval": 0.007628382183611393,
    "mae": 0.06978609357302216,
    "mse": 0.007628383019180134,
    "rmse": 0.08734061494619862,
    "mae_inverse": 251837.08999999997,
    "mse_inverse": 99342274345.40794,
    "rmse_inverse": 315186.0947843479
}