{
    "model_eval": 0.007967994548380375,
    "mae": 0.07362551172898854,
    "mse": 0.00796799585709308,
    "rmse": 0.0892636312116703,
    "mae_inverse": 265692.3989494163,
    "mse_inverse": 103764956160.09593,
    "rmse_inverse": 322125.6837945337
}