{
    "model_eval": 0.006208563223481178,
    "mae": 0.06318497554683845,
    "mse": 0.00620856184626864,
    "rmse": 0.0787944277615406,
    "mae_inverse": 228015.63381322956,
    "mse_inverse": 80852344697.54056,
    "rmse_inverse": 284345.46716545447
}