{
    "model_eval": 0.014089659787714481,
    "mae": 0.10590743549697743,
    "mse": 0.014089657152915864,
    "rmse": 0.11869986163814962,
    "mae_inverse": 382188.18350972765,
    "mse_inverse": 183485619531.8805,
    "rmse_inverse": 428352.21434221684
}